Epoch,Train Loss,valid loss,accuracy,precision,recall,f1
1,2.081,2.0788,0.1626,0.0264,0.1626,0.0455
2,2.0786,2.0759,0.1626,0.0264,0.1626,0.0455
3,2.0745,2.0681,0.1626,0.0264,0.1626,0.0455
4,2.0617,2.0515,0.1626,0.0264,0.1626,0.0455
5,2.0566,2.0515,0.1626,0.0264,0.1626,0.0455
6,2.0546,2.0504,0.1626,0.0264,0.1626,0.0455
7,2.0528,2.0505,0.1626,0.0264,0.1626,0.0455
8,2.0547,2.051,0.1626,0.0264,0.1626,0.0455
9,2.053,2.0526,0.1626,0.0264,0.1626,0.0455
10,2.0439,2.0279,0.1626,0.0264,0.1626,0.0455
11,2.0491,2.0538,0.1626,0.0264,0.1626,0.0455
12,2.0541,2.051,0.1626,0.0264,0.1626,0.0455
13,2.0546,2.051,0.1626,0.0264,0.1626,0.0455
14,2.0537,2.0507,0.1626,0.0264,0.1626,0.0455
15,2.0482,2.0288,0.1626,0.0264,0.1626,0.0455
16,2.0289,2.0208,0.1626,0.0264,0.1626,0.0455
17,2.0335,2.0187,0.1626,0.0264,0.1626,0.0455
18,2.0195,2.0077,0.1626,0.0264,0.1626,0.0455
19,2.0027,1.9899,0.1626,0.0264,0.1626,0.0455
20,1.9869,1.9761,0.1626,0.0264,0.1626,0.0455
21,1.9851,1.9746,0.2217,0.0689,0.2217,0.105
22,1.9641,1.9285,0.2463,0.0781,0.2463,0.1184
23,1.9171,1.871,0.2482,0.0776,0.2482,0.1183
24,1.8914,1.8763,0.2568,0.0818,0.2568,0.1237
25,1.8741,1.8636,0.2611,0.0839,0.2611,0.1264
26,1.8699,1.8318,0.2592,0.0819,0.2592,0.1243
27,1.8763,1.8858,0.2716,0.1506,0.2716,0.1633
28,1.8725,1.8278,0.2408,0.0931,0.2408,0.115
29,1.8466,1.8103,0.2531,0.1264,0.2531,0.125
30,1.8276,1.7943,0.2697,0.1057,0.2697,0.1346
31,1.8129,1.7812,0.2691,0.0986,0.2691,0.1317
32,1.8096,1.7713,0.2635,0.1006,0.2635,0.1314
33,1.7883,1.7689,0.274,0.1039,0.274,0.14
34,1.7981,1.7601,0.274,0.1068,0.274,0.1401
35,1.7691,1.7318,0.2685,0.0998,0.2685,0.1349
36,1.756,1.7196,0.274,0.1281,0.274,0.1503
37,1.7279,1.7412,0.3134,0.181,0.3134,0.2167
38,1.7223,1.6974,0.2869,0.1447,0.2869,0.1746
39,1.711,1.7195,0.2956,0.1492,0.2956,0.1872
40,1.7059,1.7082,0.2993,0.2018,0.2993,0.198
41,1.7363,1.7153,0.311,0.1905,0.311,0.2099
42,1.6911,1.6792,0.3239,0.2268,0.3239,0.2332
43,1.6747,1.667,0.3208,0.2186,0.3208,0.2291
44,1.6651,1.68,0.3362,0.248,0.3362,0.2602
45,1.677,1.6926,0.3344,0.2289,0.3344,0.2568
46,1.6772,1.6913,0.3294,0.2315,0.3294,0.2561
47,1.6792,1.6871,0.3227,0.2241,0.3227,0.2471
48,1.6664,1.7313,0.3196,0.2348,0.3196,0.2356
49,1.6473,1.6726,0.3448,0.3028,0.3448,0.2744
50,1.6397,1.6698,0.3436,0.2779,0.3436,0.2841
51,1.6361,1.6541,0.3319,0.2991,0.3319,0.2626
52,1.6301,1.6443,0.343,0.3824,0.343,0.2824
53,1.6128,1.656,0.3362,0.3377,0.3362,0.2615
54,1.6804,1.6818,0.3313,0.3184,0.3313,0.2707
55,1.6269,1.625,0.3381,0.2804,0.3381,0.2736
56,1.5954,1.6192,0.3504,0.288,0.3504,0.2877
57,1.6199,1.6695,0.3331,0.2814,0.3331,0.2772
58,1.7436,1.6638,0.3264,0.2751,0.3264,0.268
59,1.6204,1.6259,0.3313,0.2861,0.3313,0.2739
60,1.5978,1.6283,0.351,0.3336,0.351,0.3001
61,1.593,1.6265,0.3559,0.2994,0.3559,0.2929
62,1.5963,1.6311,0.3319,0.2641,0.3319,0.2713
63,1.5737,1.6243,0.3454,0.2867,0.3454,0.2866
64,1.5598,1.666,0.3608,0.2867,0.3608,0.3001
65,1.5518,1.6297,0.3756,0.3311,0.3756,0.3259
66,1.5449,1.5968,0.3732,0.3423,0.3732,0.328
67,1.5196,1.6286,0.3688,0.3143,0.3688,0.322
68,1.5183,1.6058,0.3842,0.3465,0.3842,0.3393
69,1.5125,1.6264,0.3781,0.3715,0.3781,0.3404
70,1.5099,1.6422,0.3695,0.3402,0.3695,0.3142
71,1.5066,1.662,0.3812,0.3319,0.3812,0.326
72,1.4842,1.6165,0.3818,0.3183,0.3818,0.3222
73,1.4733,1.5993,0.3879,0.3204,0.3879,0.3277
74,1.4681,1.6652,0.383,0.3398,0.383,0.3251
75,1.4447,1.6189,0.3941,0.3709,0.3941,0.3442
76,1.4586,1.6114,0.3861,0.3248,0.3861,0.3323
77,1.4529,1.6169,0.3775,0.312,0.3775,0.3198
78,1.4354,1.5899,0.3879,0.347,0.3879,0.3269
79,1.534,1.6132,0.3824,0.2986,0.3824,0.3229
80,1.4783,1.598,0.3818,0.3273,0.3818,0.3295
81,1.4427,1.6441,0.3836,0.3468,0.3836,0.3295
82,1.4195,1.6394,0.3793,0.3228,0.3793,0.328
83,1.41,1.6138,0.3947,0.3389,0.3947,0.3375
84,1.407,1.6289,0.3935,0.3691,0.3935,0.3454
85,1.3824,1.591,0.3996,0.389,0.3996,0.3534
86,1.3763,1.5786,0.3966,0.3414,0.3966,0.345
87,1.3773,1.6357,0.3873,0.3484,0.3873,0.3343
88,1.3772,1.5881,0.4083,0.3874,0.4083,0.3554
89,1.3571,1.5948,0.4119,0.3717,0.4119,0.3619
90,1.3419,1.6383,0.4126,0.3303,0.4126,0.354
91,1.2963,1.6446,0.4175,0.3631,0.4175,0.3715
92,1.2778,1.7148,0.4015,0.3463,0.4015,0.3586
93,1.2518,1.7723,0.4113,0.4037,0.4113,0.3664
94,1.2496,1.6468,0.428,0.3814,0.428,0.3878
95,1.2375,1.6901,0.4249,0.3713,0.4249,0.3811
96,1.2276,1.6056,0.42,0.3648,0.42,0.3763
97,1.2341,1.8957,0.4027,0.3526,0.4027,0.355
98,1.2243,1.7496,0.4236,0.3653,0.4236,0.3785
99,1.2082,1.8344,0.4236,0.3651,0.4236,0.3806
100,1.207,1.6748,0.4273,0.3604,0.4273,0.3772
101,1.1836,1.9667,0.4033,0.3337,0.4033,0.3491
102,1.1664,1.8344,0.436,0.3665,0.436,0.386
103,1.1744,1.7537,0.3627,0.3571,0.3627,0.3273
104,1.1646,1.8078,0.431,0.4224,0.431,0.3873
105,1.1303,1.7083,0.4329,0.4246,0.4329,0.3967
106,1.1141,1.7955,0.4372,0.4349,0.4372,0.3985
107,1.101,1.8231,0.4403,0.4182,0.4403,0.4062
108,1.1011,1.7942,0.4341,0.4156,0.4341,0.4013
109,1.0963,1.8122,0.4458,0.4283,0.4458,0.4086
110,1.0791,1.8048,0.4483,0.4388,0.4483,0.4113
111,1.0613,1.901,0.444,0.4199,0.444,0.4033
112,1.0482,1.9066,0.4495,0.4627,0.4495,0.4235
113,1.062,1.9355,0.4483,0.4415,0.4483,0.4137
114,1.0457,1.8541,0.4193,0.4172,0.4193,0.3965
115,1.0237,1.8865,0.4335,0.4216,0.4335,0.4066
116,0.9962,1.9385,0.4754,0.4778,0.4754,0.4521
117,1.0185,2.0494,0.4452,0.426,0.4452,0.4096
118,1.0033,1.9363,0.4514,0.4402,0.4514,0.4233
119,1.0023,1.7992,0.4514,0.4445,0.4514,0.4232
120,0.9719,1.8937,0.452,0.439,0.452,0.4241
121,0.9673,2.0065,0.4581,0.4373,0.4581,0.4323
122,0.9531,1.9604,0.455,0.4393,0.455,0.4284
123,0.9302,2.0744,0.4581,0.4494,0.4581,0.4281
124,0.9574,2.0878,0.4631,0.4552,0.4631,0.435
125,0.9234,2.1281,0.4618,0.4675,0.4618,0.4464
126,0.9074,2.1426,0.4557,0.4565,0.4557,0.4319
127,0.9046,2.1734,0.4686,0.4702,0.4686,0.4468
128,0.8895,2.1155,0.4778,0.5008,0.4778,0.4707
129,0.8943,2.0932,0.4784,0.4798,0.4784,0.4662
130,0.8922,2.0388,0.4612,0.454,0.4612,0.4446
131,0.8525,2.1252,0.4606,0.4693,0.4606,0.4498
132,0.8523,2.1026,0.4914,0.4874,0.4914,0.4789
133,0.8545,2.2683,0.4723,0.4603,0.4723,0.4536
134,0.8541,2.1087,0.5111,0.5232,0.5111,0.5056
135,0.8437,2.2142,0.484,0.4862,0.484,0.4762
136,0.81,2.3168,0.4883,0.4932,0.4883,0.4771
137,0.8362,2.145,0.5111,0.5312,0.5111,0.5108
138,0.8009,2.2437,0.5222,0.5278,0.5222,0.5188
139,0.7963,2.4334,0.5123,0.5101,0.5123,0.5023
140,0.7811,2.1361,0.5296,0.5518,0.5296,0.5322
141,0.7661,2.3448,0.5099,0.5141,0.5099,0.5034
142,0.759,2.3398,0.5179,0.5284,0.5179,0.5085
143,0.7505,2.207,0.5086,0.5302,0.5086,0.5105
144,0.7358,2.2928,0.5166,0.5331,0.5166,0.5195
145,0.7273,2.2541,0.4957,0.5117,0.4957,0.4959
146,0.7307,2.4087,0.5105,0.5403,0.5105,0.5086
147,0.7117,2.3322,0.5135,0.5183,0.5135,0.5052
148,0.7022,2.2027,0.5289,0.5476,0.5289,0.5296
149,0.6918,2.3417,0.516,0.5247,0.516,0.5148
150,0.6746,2.2515,0.5289,0.556,0.5289,0.5341
151,0.6776,2.379,0.5055,0.5355,0.5055,0.5067
152,0.6464,2.5023,0.5209,0.539,0.5209,0.523
153,0.6466,2.6848,0.5203,0.5243,0.5203,0.5152
154,0.6552,2.2936,0.5209,0.5526,0.5209,0.5248
155,0.648,2.4163,0.5326,0.5372,0.5326,0.53
156,0.6138,2.3735,0.5099,0.5201,0.5099,0.5067
157,0.6261,2.426,0.5277,0.5396,0.5277,0.5256
158,0.5986,2.2006,0.5099,0.5191,0.5099,0.5111
159,0.6229,2.4001,0.5228,0.5275,0.5228,0.5197
160,0.5975,2.4968,0.524,0.5313,0.524,0.5164
161,0.5919,2.3801,0.5203,0.5234,0.5203,0.5154
162,0.5752,2.7544,0.5308,0.5416,0.5308,0.5275
163,0.5939,2.4205,0.5209,0.5387,0.5209,0.5194
164,0.5868,2.3304,0.5283,0.5398,0.5283,0.5278
165,0.5478,2.3623,0.5277,0.5372,0.5277,0.5249
166,0.5558,2.3147,0.5326,0.5578,0.5326,0.5359
167,0.5486,2.6613,0.532,0.544,0.532,0.5289
168,0.5505,2.4995,0.5209,0.5401,0.5209,0.5218
169,0.5393,2.5659,0.5111,0.5414,0.5111,0.5102
170,0.5194,2.3681,0.532,0.5486,0.532,0.5348
171,0.5182,2.5849,0.5222,0.534,0.5222,0.5176
172,0.4969,2.4077,0.5252,0.5411,0.5252,0.5239
173,0.482,2.5172,0.5265,0.5297,0.5265,0.5212
174,0.5117,2.4451,0.5148,0.5318,0.5148,0.5188
175,0.5375,2.0904,0.5166,0.5289,0.5166,0.5142
176,0.5082,2.4532,0.5179,0.5475,0.5179,0.5203
177,0.4759,2.581,0.5209,0.5345,0.5209,0.5249
178,0.4726,2.7707,0.5296,0.5447,0.5296,0.5255
179,0.4806,2.702,0.5203,0.5347,0.5203,0.5194
180,0.4512,2.9427,0.5265,0.5324,0.5265,0.521
181,0.4541,2.695,0.5246,0.5429,0.5246,0.5263
182,0.4553,2.6362,0.5222,0.5394,0.5222,0.5232
183,0.4351,2.9752,0.5209,0.5258,0.5209,0.513
184,0.4259,2.808,0.5277,0.539,0.5277,0.5268
185,0.4215,2.5044,0.5376,0.5475,0.5376,0.533
186,0.4163,2.9088,0.5333,0.5537,0.5333,0.5312
187,0.4142,2.9018,0.5265,0.5392,0.5265,0.5216
188,0.4303,2.5914,0.524,0.5531,0.524,0.5284
189,0.4283,2.832,0.5296,0.54,0.5296,0.5219
190,0.4065,2.7813,0.5271,0.5412,0.5271,0.5262
191,0.3918,2.8403,0.5277,0.5501,0.5277,0.5275
192,0.4097,3.0097,0.524,0.5591,0.524,0.5264
193,0.3853,2.9838,0.5259,0.5248,0.5259,0.5171
194,0.3761,2.8069,0.5209,0.538,0.5209,0.5231
195,0.3896,3.1614,0.5252,0.5335,0.5252,0.522
196,0.3792,3.0056,0.5265,0.5482,0.5265,0.5307
197,0.3878,2.775,0.5283,0.5509,0.5283,0.5322
198,0.3849,3.0634,0.5259,0.5536,0.5259,0.5324
199,0.3723,2.7656,0.532,0.5298,0.532,0.5246
200,0.3731,2.8254,0.5339,0.5482,0.5339,0.5326
201,0.3692,3.1516,0.5246,0.5388,0.5246,0.5214
202,0.3859,3.0742,0.5185,0.552,0.5185,0.5257
203,0.4178,2.5573,0.524,0.5396,0.524,0.5247
204,0.3523,3.0076,0.5382,0.5387,0.5382,0.5295
205,0.3771,3.3108,0.5234,0.5433,0.5234,0.5228
206,0.3525,3.0712,0.5339,0.5551,0.5339,0.5376
207,0.3582,3.1386,0.5369,0.5614,0.5369,0.5423
208,0.3496,3.0656,0.548,0.5644,0.548,0.5511
209,0.348,3.0087,0.5296,0.5641,0.5296,0.534
210,0.3477,3.1513,0.5296,0.539,0.5296,0.5283
211,0.3495,3.1774,0.5252,0.5364,0.5252,0.518
212,0.324,3.1738,0.5289,0.5409,0.5289,0.5252
213,0.325,3.1039,0.5394,0.5506,0.5394,0.5386
214,0.3572,2.9135,0.5419,0.5469,0.5419,0.539
215,0.3411,3.1203,0.5388,0.5441,0.5388,0.5332
216,0.3601,2.9525,0.5339,0.5292,0.5339,0.5275
217,0.3426,3.213,0.5271,0.5373,0.5271,0.5237
218,0.3196,3.2413,0.5246,0.5384,0.5246,0.52
219,0.329,3.0405,0.5382,0.5514,0.5382,0.5377
220,0.335,2.922,0.5437,0.5589,0.5437,0.5469
221,0.3281,3.1437,0.532,0.5581,0.532,0.5379
222,0.3304,2.7527,0.5345,0.5478,0.5345,0.5378
223,0.3203,2.9174,0.5185,0.5475,0.5185,0.5223
224,0.3116,3.5848,0.5419,0.551,0.5419,0.5418
225,0.3267,3.1523,0.5369,0.5601,0.5369,0.5437
226,0.3179,3.0728,0.5326,0.5556,0.5326,0.5391
227,0.3235,3.4921,0.5234,0.5477,0.5234,0.5213
228,0.3161,3.0694,0.5252,0.546,0.5252,0.5275
229,0.2974,3.1328,0.5308,0.5625,0.5308,0.5389
230,0.2982,3.0765,0.5486,0.571,0.5486,0.5548
231,0.31,3.3947,0.5326,0.5589,0.5326,0.5342
232,0.2932,3.492,0.5302,0.5497,0.5302,0.5341
233,0.2971,3.298,0.5345,0.5548,0.5345,0.5384
234,0.2942,3.3267,0.5493,0.5593,0.5493,0.5525
235,0.2939,3.1038,0.54,0.5611,0.54,0.5462
236,0.292,3.6817,0.548,0.5561,0.548,0.5494
237,0.298,3.5716,0.5456,0.5614,0.5456,0.5514
238,0.3373,3.3597,0.5289,0.5324,0.5289,0.5253
239,0.3055,3.1099,0.5499,0.576,0.5499,0.5586
240,0.2816,3.3908,0.5548,0.5646,0.5548,0.5564
241,0.2852,3.0123,0.5671,0.5778,0.5671,0.57
242,0.2639,3.6032,0.5548,0.5825,0.5548,0.5607
243,0.273,3.5896,0.556,0.574,0.556,0.5614
244,0.2815,3.3227,0.5462,0.5594,0.5462,0.5482
245,0.2996,2.9614,0.5505,0.5685,0.5505,0.5562
246,0.2974,3.3266,0.548,0.5679,0.548,0.5543
247,0.2826,3.2978,0.5659,0.5811,0.5659,0.5708
248,0.2759,3.1949,0.5462,0.568,0.5462,0.5507
249,0.2854,3.0914,0.5536,0.5791,0.5536,0.5588
250,0.278,3.2637,0.545,0.5798,0.545,0.5555
251,0.2629,3.7518,0.5554,0.5754,0.5554,0.5592
252,0.2592,3.4124,0.5573,0.5833,0.5573,0.5638
253,0.2492,3.7332,0.5585,0.577,0.5585,0.5611
254,0.2338,3.473,0.5474,0.5602,0.5474,0.5507
255,0.2477,3.9629,0.5634,0.5816,0.5634,0.5674
256,0.2472,3.5576,0.5597,0.5775,0.5597,0.5661
257,0.2551,3.4514,0.5462,0.5865,0.5462,0.5576
258,0.2454,3.69,0.5665,0.5807,0.5665,0.569
259,0.2408,3.9645,0.5493,0.5626,0.5493,0.5535
260,0.2361,3.4966,0.5591,0.5928,0.5591,0.5672
261,0.2243,3.9056,0.5597,0.5841,0.5597,0.5666
262,0.2095,3.9641,0.5659,0.5768,0.5659,0.5686
263,0.2065,4.1743,0.5579,0.583,0.5579,0.5642
264,0.2096,3.6825,0.5628,0.5843,0.5628,0.569
265,0.2123,4.0975,0.5671,0.5883,0.5671,0.5735
266,0.2058,3.796,0.5542,0.581,0.5542,0.5599
267,0.2076,4.1483,0.5622,0.5848,0.5622,0.5701
268,0.1937,4.7119,0.5671,0.5879,0.5671,0.5735
269,0.185,4.2023,0.5683,0.5813,0.5683,0.5726
270,0.18,3.9117,0.5665,0.5787,0.5665,0.5682
271,0.1914,4.5746,0.5585,0.579,0.5585,0.5657
272,0.1764,4.5151,0.5745,0.5911,0.5745,0.5786
273,0.1792,4.6853,0.5683,0.5888,0.5683,0.5742
274,0.1725,4.349,0.5751,0.5981,0.5751,0.5813
275,0.1809,3.8452,0.5671,0.5842,0.5671,0.5696
276,0.2326,4.0268,0.5647,0.5863,0.5647,0.5717
277,0.1792,4.0824,0.572,0.5906,0.572,0.5771
278,0.153,4.5892,0.564,0.5949,0.564,0.5738
279,0.1548,5.1293,0.5474,0.5906,0.5474,0.5576
280,0.145,4.4092,0.556,0.5959,0.556,0.5647
281,0.16,4.3722,0.5603,0.587,0.5603,0.5671
282,0.1463,4.8285,0.5647,0.5794,0.5647,0.5632
283,0.1541,4.7505,0.5622,0.5867,0.5622,0.5689
284,0.1421,4.4976,0.5597,0.5869,0.5597,0.5662
285,0.1375,5.0735,0.5647,0.5882,0.5647,0.5732
286,0.1311,4.5291,0.5677,0.576,0.5677,0.5673
287,0.1257,4.6253,0.5591,0.5868,0.5591,0.5685
288,0.1413,4.2227,0.5634,0.5906,0.5634,0.572
289,0.1363,5.3265,0.5659,0.5972,0.5659,0.5744
