Epoch,Train Loss,Train MLM Acc,Train NSP Acc,Val MLM Acc,Val NSP Acc
1,4.902,0.123,0.675,0.1302,0.6545
2,4.169,0.146,0.778,0.1617,0.7367
3,3.609,0.326,0.798,0.3644,0.7599
4,2.706,0.532,0.8245,0.5205,0.812
5,2.028,0.585,0.8644,0.6406,0.876
6,1.546,0.704,0.9124,0.7281,0.9236
7,1.203,0.73,0.943,0.7761,0.915
8,0.972,0.795,0.959,0.8046,0.9557
9,0.804,0.809,0.938,0.8223,0.9421
10,0.68,0.85,0.979,0.8271,0.9483
11,0.575,0.896,0.959,0.839,0.9483
12,0.474,0.905,0.975,0.8451,0.9495
13,0.417,0.898,0.978,0.8515,0.9421
14,0.355,0.909,0.968,0.8551,0.9557
15,0.297,0.949,0.959,0.8571,0.952
16,0.269,0.911,0.938,0.857,0.9397
17,0.24,0.956,0.979,0.8601,0.9569
18,0.186,0.965,0.959,0.8625,0.9458
19,0.149,0.978,0.975,0.8649,0.9557
20,0.123,0.973,0.984,0.8658,0.9581
21,0.19,0.914,0.996,0.8616,0.9421
22,0.197,0.967,0.991,0.8691,0.9594
23,0.151,0.964,0.989,0.869,0.9569
24,0.127,0.959,0.997,0.8701,0.9384
25,0.105,0.979,1,0.874,0.9557
26,0.105,0.974,0.993,0.8722,0.9532
27,0.072,0.973,0.988,0.8737,0.9495
28,0.088,0.974,0.994,0.8714,0.9557
29,0.069,0.984,0.996,0.8744,0.9532
30,0.039,0.995,0.991,0.878,0.9557
31,0.033,0.986,0.989,0.8776,0.952
32,0.032,0.991,0.997,0.8767,0.9532
33,0.031,0.99,1,0.8778,0.952
34,0.03,1,0.993,0.8772,0.952
35,0.03,0.989,0.991,0.8775,0.9532
36,0.03,0.993,1,0.876,0.9557
37,0.027,0.995,1,0.8786,0.952
38,0.023,0.992,0.989,0.8802,0.9569
39,0.025,0.996,0.997,0.88,0.9532
40,0.08,0.986,0.995,0.8721,0.9507
41,0.05,0.986,0.993,0.875,0.9581
42,0.05,0.988,0.982,0.875,0.9581
43,0.05,0.994,0.992,0.875,0.9581
44,0.048,0.983,0.988,0.8751,0.9569
45,0.05,0.992,0.993,0.8752,0.9569
46,0.049,0.985,0.991,0.8752,0.9569
47,0.048,0.986,0.986,0.8753,0.9557
48,0.049,0.976,0.99,0.8753,0.9557
49,0.048,0.977,0.987,0.8754,0.9557
50,0.047,0.982,0.982,0.8754,0.9557
51,0.049,0.992,0.992,0.8755,0.9557
52,0.047,0.988,0.993,0.8755,0.9557
53,0.049,0.993,0.993,0.8756,0.9557
54,0.047,0.99,1,0.8756,0.9557
55,0.047,0.985,0.993,0.8755,0.9557
56,0.047,0.982,0.993,0.8756,0.9557
57,0.047,0.993,0.993,0.8756,0.9557
58,0.047,0.991,1,0.8757,0.9557
59,0.046,0.986,0.993,0.8757,0.9557
60,0.047,0.99,0.999,0.8757,0.9557
